1	Personal Details Form	personaldetailsform	General HR Information	Notes	Email
2	Employment Terms and Conditions	employmenttermsandconditionsteachers	Employment Terms & Conditions	Notes	Email
3	Employment Terms and Conditions - Non-teaching Staff	employmenttermsandconditionsnonteachingstaff	Employment Terms & Conditions	Notes	Email
4	Employee CV	employeecv	CV / Resume	Notes	DB
5	Confidentiality Agreement	confidentialityagreement	Confidentiality Agreement	Notes	Email
6	Fair Work Information Statement	fairworkinformationstatement	General HR Information	Notes	Email
7	Discipline Policy	disciplinepolicy	Discipline Policy	Notes	Email
8	Dress Code Policy	dresscodepolicy	Dress Code Policy	Notes	Email
9	Staff Code of Conduct	staffcodeofconduct	Staff Code of Conduct	Notes	Email
10	Bank Account Details Form	bankaccountdetailsform	General HR Information	Notes	Email
11	Induction Checklist	inductionchecklistallstaff	Induction Checklist	Notes	Email
12	Induction Checklist - Maintenance	inductionchecklistallstaff	Induction Checklist	Notes	Email
13	Induction Checklist - Teacher	inductionchecklistallstaff	Induction Checklist	Notes	Email
14	Job Description Teachers	jobdescriptionteacher	Job Description	Notes	Email
15	Statements of Prior Service / Work Confirmation Letters	statementofpriorserviceworkconfirmationletter	General HR Information	Notes	DB
16	Employment Terms And Conditions - Non-teaching Staff	employmenttermsandconditionsnonteachingstaff	Employment Terms & Conditions	Notes	Email
17	CCTV Guidelines	cctvguidelines	General HR Information	Notes	Email
18	GPS Tracking	gpstracking	General HR Information	Notes	Email
19	Employment Terms and Conditions - Teachers	employmenttermsandconditionsteachers	Employment Terms & Conditions	Notes	Email
20	Job Description - Education Assistant	jobdescriptioneducationassistant	Job Description	Notes	Email
21	Teacher Registration	teacherregistration	REG	Qualifications	DB
22	Driver`s Licence	driverlicence	DLB	Qualifications	DB
23	WWCC	wwcc	WCC	Qualifications	DB
24	WWCC:Card	wwcc	WCC	Qualifications	DB
25	WWCC:Receipt	wwcc	WCC	Qualifications	DB
26	Job Description - ICT Services Leader	jobdescriptionictservicesleader	Job Description	Notes	Email
27	Job Description - ICT System Admin	jobdescriptionictsystemadmin	Job Description	Notes	Email
28	Bus Driver Duty Statement Agreement	busdriverdutystatementagreement	General HR Information	Notes	Email
29	Passenger Transport Driver Authorisation	passengertransportdriverauthorisation	PTD	Qualifications	DB
30	Proof of Entitlement to Work	proofofentitlementtowork	General HR Information	Notes	DB
31	Transport Policy	transportpolicy	General HR Information	Notes	Email
32	Job Description - ICT Services Technician	jobdescriptionictservicestechnician	Job Description	Notes	Email
33	Job Description - Maintenance	jobdescriptionmaintenance	Job Description	Notes	Email
34	Job Description - Bus Driver	jobdescriptionbusdriver	Job Description	Notes	Email
35	Job Description - School Counsellor	jobdescriptionschoolcounsellor	Job Description	Notes	Email
36	Job Description - Secretary HR Officer	jobdescriptionsecretaryhrofficer	Job Description	Notes	Email
37	Job Description - Librarian	jobdescriptionlibrarian	Job Description	Notes	Email
38	Receptionist and Admin Staff Training Manual for Inductions	receptionistandadminstafftraining	Job Description	Notes	Email
39	Employment Health Questionnaire	employmenthealthquestionnaire	General HR Information	Notes	Email
40	Super Fund Nomination Form	superfundnominationform	General HR Information	Notes	Email
41	Tax Declaration Form	taxdeclarationform	General HR Information	Notes	Email
42	Job Description - Lab Assistant	jobdescriptionlabassistant	Job Description	Notes	Email
43	Qualifications	qualifications	QUA	Qualifications	DB
44	Job Description - Personal Assistant	jobdescriptionpersonalassistant	Job Description	Notes	Email
45	Induction Checklist All Staff	inductionchecklistallstaff	Induction Checklist	Notes	Email
46	Fair Work Information Statement	fairworkinformationstatement	General HR Information	Notes	Email
47	First Aid Certificate	firstaidcertificate	General HR Information	Notes	DB
48	Respond to Abuse and Neglect Certificate	respondingtoabuseandneglectrancertificate	General HR Information	Notes	DB
49	Responding to Abuse and Neglect (RAN) Certificate	respondingtoabuseandneglectrancertificate	General HR Information	Notes	DB
50	Job Description - Media and Communications Officer	jobdescriptionmediaandcommunicationsofficer	Job Description	Notes	Email
